name,ptName,url,image,imagePath
Sweet Cat Lover and Coffee Dinker Catppuccino gift,Women's Rolled Sleeve T-Shirt,www.spreadshirt.com/shop/design/-D5b6c95f320517652033e9de0?sellable=JkejZzz7RJHZvk58RE4G-943-8,"=IMAGE(""https://image.spreadshirtmedia.com/image-server/v1/mp/compositions/T943A2MPA3084PT17X29Y10D1017518062FS3128/views/1,width=378,height=378,appearanceId=2,backgroundColor=000000,noPt=true.webp"")",5b6c95f320517652033e9de0.jpg
WTF kitty,Men's 50/50 T-Shirt,www.spreadshirt.com/shop/design/-D5d89cd7bb4b8c76e3917a5a1?sellable=lzd00w7VwJCqgMrMX17w-1197-7,"=IMAGE(""https://image.spreadshirtmedia.com/image-server/v1/mp/compositions/T1197A231MPA3503PT17X57Y38D1015487460FS3690/views/1,width=378,height=378,appearanceId=2,backgroundColor=000000,noPt=true.webp"")",5d89cd7bb4b8c76e3917a5a1.jpg
Cat Portrait hand-drawn,Unisex Tri-Blend T-Shirt,www.spreadshirt.com/shop/design/-D5b662057205176329fdcf514?sellable=0X824l0mDquOBb5mQMjB-691-7,"=IMAGE(""https://image.spreadshirtmedia.com/image-server/v1/mp/compositions/T691A251MPA3867PT17X0Y23D1017446505FS4800/views/1,width=378,height=378,appearanceId=2,backgroundColor=000000,noPt=true.webp"")",5b662057205176329fdcf514.jpg
Crazy Cat Lady,Women's Rolled Sleeve T-Shirt,www.spreadshirt.com/shop/design/-D5b0e07fe5d52cd693e8ca076?sellable=lzllOab9jMcjy47mEz2E-943-8,"=IMAGE(""https://image.spreadshirtmedia.com/image-server/v1/mp/compositions/T943A231MPA3084PT17X20Y38D1016540411FS2460/views/1,width=378,height=378,appearanceId=2,backgroundColor=000000,noPt=true.webp"")",5b0e07fe5d52cd693e8ca076.jpg
cats squad,Women's Rolled Sleeve T-Shirt,www.spreadshirt.com/shop/design/-D5b9f7734f93764111751afac?sellable=yrELodDdGMTmqD2d28rZ-943-8,"=IMAGE(""https://image.spreadshirtmedia.com/image-server/v1/mp/compositions/T943A557MPA3084PT17X41Y4D1018141896FS2187/views/1,width=378,height=378,appearanceId=2,backgroundColor=000000,noPt=true.webp"")",5b9f7734f93764111751afac.jpg
cat riding bike with yarn ball wheels,Women's Premium T-Shirt,www.spreadshirt.com/shop/design/-D5d8a00d1b4b8c76e39301e6e?sellable=kawLkR330vcpNyoOakNn-813-8,"=IMAGE(""https://image.spreadshirtmedia.com/image-server/v1/mp/compositions/T813A231MPA3132PT17X7Y7D1001176888FS4311/views/1,width=378,height=378,appearanceId=2,backgroundColor=000000,noPt=true.webp"")",5d8a00d1b4b8c76e39301e6e.jpg
cat heart,Unisex Baseball T-Shirt,www.spreadshirt.com/shop/design/-D5d8a00fb1cbf3a25d5ae3802?sellable=309OdDmgrQTrbZDn1Dxd-951-18,"=IMAGE(""https://image.spreadshirtmedia.com/image-server/v1/mp/compositions/T951A71MPA3076PT17X18Y0D12827413FS3527/views/1,width=378,height=378,appearanceId=2,backgroundColor=000000,noPt=true.webp"")",5d8a00fb1cbf3a25d5ae3802.jpg
Astronaut Kitty Cat in Space,Men’s Premium T-Shirt,www.spreadshirt.com/shop/design/-D5d89e0b26bbdbb2e6a52ae4b?sellable=ordz239wL0hdV1evJ1mw-812-7,"=IMAGE(""https://image.spreadshirtmedia.com/image-server/v1/mp/compositions/T812A2MPA3140PT17X20Y30D1011418085FS5821/views/1,width=378,height=378,appearanceId=2,backgroundColor=000000,noPt=true.webp"")",5d89e0b26bbdbb2e6a52ae4b.jpg
Three Cats Ago,Women's T-Shirt,www.spreadshirt.com/shop/design/-D5d89d873205176264214cec5?sellable=4w8MvnqMrgU3e0Jlozlv-347-8,"=IMAGE(""https://image.spreadshirtmedia.com/image-server/v1/mp/compositions/T347A1MPA2978PT17X0Y14D1006692597FS3958/views/1,width=378,height=378,appearanceId=2,backgroundColor=000000,noPt=true.webp"")",5d89d873205176264214cec5.jpg
Cat,Women's Vintage Sport T-Shirt,www.spreadshirt.com/shop/design/-D5b129482f6c60d4cdbe82359?sellable=VRJ9vzjQmdHXj9M9rJk1-1172-8,"=IMAGE(""https://image.spreadshirtmedia.com/image-server/v1/mp/compositions/T1172A54MPA3563PT17X36Y38D1016589443FS2187/views/1,width=378,height=378,appearanceId=2,backgroundColor=000000,noPt=true.webp"")",5b129482f6c60d4cdbe82359.jpg
Dream Weaving Cat,Women's T-Shirt,www.spreadshirt.com/shop/design/-D5d8a2351f937647d8125ee6e?sellable=8yl2mM7MjkcODymL0Jm2-347-8,"=IMAGE(""https://image.spreadshirtmedia.com/image-server/v1/mp/compositions/T347A1MPA2978PT17X51Y3D1009031232FS2006/views/1,width=378,height=378,appearanceId=2,backgroundColor=000000,noPt=true.webp"")",5d8a2351f937647d8125ee6e.jpg
Intergalactic Cat Fancy Enthusiast,Men's Ringer T-Shirt,www.spreadshirt.com/shop/design/-D5d89e388b4b8c76e3923da4c?sellable=aZamG9lz9xUJNzrO3gOp-121-7,"=IMAGE(""https://image.spreadshirtmedia.com/image-server/v1/mp/compositions/T121A54MPA4057PT17X0Y5D12188368FS3919/views/1,width=378,height=378,appearanceId=2,backgroundColor=000000,noPt=true.webp"")",5d89e388b4b8c76e3923da4c.jpg
Angry Cat No,Women's T-Shirt,www.spreadshirt.com/shop/design/-D5d8a022f6bbdbb2e6a60a16f?sellable=jwenYQpNbgtV9G2M44v8-347-8,"=IMAGE(""https://image.spreadshirtmedia.com/image-server/v1/mp/compositions/T347A231MPA2978PT17X27Y27D1004549787FS5944/views/1,width=378,height=378,appearanceId=2,backgroundColor=000000,noPt=true.webp"")",5d8a022f6bbdbb2e6a60a16f.jpg
I work hard so my cat can live a better life,Women's T-Shirt,www.spreadshirt.com/shop/design/-D5d8a18c513615160bf914738?sellable=1nGzke0Eg8TxY8nOV9kz-347-8,"=IMAGE(""https://image.spreadshirtmedia.com/image-server/v1/mp/compositions/T347A2MPA2978PT17X43Y29D1007353609FS3872/views/1,width=378,height=378,appearanceId=2,backgroundColor=000000,noPt=true.webp"")",5d8a18c513615160bf914738.jpg
My therapist has whiskers,Men’s Premium T-Shirt,www.spreadshirt.com/shop/design/-D5d89bd75f937647d81f81daa?sellable=AlRq2p3DDNIDLZNzMvNe-812-7,"=IMAGE(""https://image.spreadshirtmedia.com/image-server/v1/mp/compositions/T812A231MPA3140PT17X37Y45D13322198S100Cx000000/views/1,width=378,height=378,appearanceId=2,backgroundColor=000000,noPt=true.webp"")",5d89bd75f937647d81f81daa.jpg
Because cats,Men's T-Shirt,www.spreadshirt.com/shop/design/-D5d8a1e3213615160bf9318dd?sellable=2LR48xQR5ZFAbwqNojr5-210-7,"=IMAGE(""https://image.spreadshirtmedia.com/image-server/v1/mp/compositions/T210A2MPA3176PT17X23Y19D13381332FS10187CxFFFFFF/views/1,width=378,height=378,appearanceId=2,backgroundColor=000000,noPt=true.webp"")",5d8a1e3213615160bf9318dd.jpg
Meow Meow,Men's T-Shirt,www.spreadshirt.com/shop/design/-D5d89e9806bbdbb2e6a57428f?sellable=zrd8OO4z4augrJN0gMaB-210-7,"=IMAGE(""https://image.spreadshirtmedia.com/image-server/v1/mp/compositions/T210A1MPA3176PT17X0Y41D12729050FS4533/views/1,width=378,height=378,appearanceId=2,backgroundColor=000000,noPt=true.webp"")",5d89e9806bbdbb2e6a57428f.jpg
YING YANG CAT,Men's 50/50 T-Shirt,www.spreadshirt.com/shop/design/-D59eb89cdf6c60d1f4d5abcfa?sellable=QzXNBdV2VeHZmy8Gj53E-1197-7,"=IMAGE(""https://image.spreadshirtmedia.com/image-server/v1/mp/compositions/T1197A1MPA3503PT17X17Y20D1013149164FS3800/views/1,width=378,height=378,appearanceId=2,backgroundColor=000000,noPt=true.webp"")",59eb89cdf6c60d1f4d5abcfa.jpg
Cat Got Your Soul,Men’s Premium T-Shirt,www.spreadshirt.com/shop/design/-D5a3b5a845d52cd420b11f6b6?sellable=JkoEX8poZ2H59mMLGbLX-812-7,"=IMAGE(""https://image.spreadshirtmedia.com/image-server/v1/mp/compositions/T812A2MPA3140PT17X90Y85D1014241009S32/views/1,width=378,height=378,appearanceId=2,backgroundColor=000000,noPt=true.webp"")",5a3b5a845d52cd420b11f6b6.jpg
Heavy Breathing,Men’s Premium T-Shirt,www.spreadshirt.com/shop/design/-D5d89e894b4b8c76e39269f12?sellable=xrdRzylzMxSaB0XoxnjR-812-7,"=IMAGE(""https://image.spreadshirtmedia.com/image-server/v1/mp/compositions/T812A2MPA3140PT17X21Y27D1001661552FS6063/views/1,width=378,height=378,appearanceId=2,backgroundColor=000000,noPt=true.webp"")",5d89e894b4b8c76e39269f12.jpg
Different Unicorn Cat,Women's T-Shirt,www.spreadshirt.com/shop/design/-D5d8a1c261cbf3a25d5b833cf?sellable=8yl2zmmeNVfEpdGV2R40-347-8,"=IMAGE(""https://image.spreadshirtmedia.com/image-server/v1/mp/compositions/T347A4MPA2978PT17X40Y16D1008180396FS2622/views/1,width=378,height=378,appearanceId=2,backgroundColor=000000,noPt=true.webp"")",5d8a1c261cbf3a25d5b833cf.jpg
Cheshire Cat,Women's T-Shirt,www.spreadshirt.com/shop/design/-D5d8a061113615160bf89be75?sellable=N0Qw4ZEbnRtAolQVpygm-347-8,"=IMAGE(""https://image.spreadshirtmedia.com/image-server/v1/mp/compositions/T347A2MPA2978PT17X10Y12D1003326094FS5518/views/1,width=378,height=378,appearanceId=2,backgroundColor=000000,noPt=true.webp"")",5d8a061113615160bf89be75.jpg
Cat Face Design for Animals Lovers,Men’s Premium T-Shirt,www.spreadshirt.com/shop/design/-D5b18395bf6c60d0dbf285d78?sellable=QzDGyneanYUZmjqVMdx3-812-7,"=IMAGE(""https://image.spreadshirtmedia.com/image-server/v1/mp/compositions/T812A2MPA3140PT17X70Y85D1016650096FS2951/views/1,width=378,height=378,appearanceId=2,backgroundColor=000000,noPt=true.webp"")",5b18395bf6c60d0dbf285d78.jpg
Feline Fine,Women's Premium T-Shirt,www.spreadshirt.com/shop/design/-D5d8a115f6bbdbb2e6a66fc5a?sellable=nOdaNjgLRGUxd3MknzR5-813-8,"=IMAGE(""https://image.spreadshirtmedia.com/image-server/v1/mp/compositions/T813A1MPA3132PT17X9Y0D1007964593FS5574/views/1,width=378,height=378,appearanceId=2,backgroundColor=000000,noPt=true.webp"")",5d8a115f6bbdbb2e6a66fc5a.jpg
Cat eyes,Women's T-Shirt,www.spreadshirt.com/shop/design/-D5d89bda71cbf3a25d58d3a5e?sellable=2LR41q8Bm3F45wxxDo8n-347-8,"=IMAGE(""https://image.spreadshirtmedia.com/image-server/v1/mp/compositions/T347A2MPA2978PT17X0Y37D11944879FS6032/views/1,width=378,height=378,appearanceId=2,backgroundColor=000000,noPt=true.webp"")",5d89bda71cbf3a25d58d3a5e.jpg
01 Blue Cat King Queen Crown Roses Love Heart,Women's T-Shirt,www.spreadshirt.com/shop/design/-D5d89f5a5162c5f464e894e0b?sellable=jwenylJmzBH1z9jyo73x-347-8,"=IMAGE(""https://image.spreadshirtmedia.com/image-server/v1/mp/compositions/T347A386MPA2978PT17X7Y0D12656874FS3551/views/1,width=378,height=378,appearanceId=2,backgroundColor=000000,noPt=true.webp"")",5d89f5a5162c5f464e894e0b.jpg
Astronaut Space Cat (digital rainbow version),Men’s Premium T-Shirt,www.spreadshirt.com/shop/design/-D5d89e0ce162c5f464e7f1d55?sellable=XyEGmk9o4xS8LARQNqJ1-812-7,"=IMAGE(""https://image.spreadshirtmedia.com/image-server/v1/mp/compositions/T812A2MPA3140PT17X43Y42D1006209966FS4966/views/1,width=378,height=378,appearanceId=2,backgroundColor=000000,noPt=true.webp"")",5d89e0ce162c5f464e7f1d55.jpg
Music Lover Cat VII,Men's T-Shirt,www.spreadshirt.com/shop/design/-D5d89ef85b4b8c76e3929ec1c?sellable=Dp573nzwpGi9OxQ7RdXw-210-7,"=IMAGE(""https://image.spreadshirtmedia.com/image-server/v1/mp/compositions/T210A1MPA3176PT17X45Y0D12905156FS4801/views/1,width=378,height=378,appearanceId=2,backgroundColor=000000,noPt=true.webp"")",5d89ef85b4b8c76e3929ec1c.jpg
Cool Cats Do What They Want,Men’s Premium T-Shirt,www.spreadshirt.com/shop/design/-D5d8a21b6162c5f464e98e796?sellable=ekYB17x5ZduznR1jEVaG-812-7,"=IMAGE(""https://image.spreadshirtmedia.com/image-server/v1/mp/compositions/T812A328MPA3140PT17X20Y107D1008532045FS3638/views/1,width=378,height=378,appearanceId=2,backgroundColor=000000,noPt=true.webp"")",5d8a21b6162c5f464e98e796.jpg
"""Catcus"" Cactus in Desert",Women's Scoop-Neck T-Shirt,www.spreadshirt.com/shop/design/-D5d89f46513615160bf8441d9?sellable=GBl1rxLG7vskAgnEDaer-561-8,"=IMAGE(""https://image.spreadshirtmedia.com/image-server/v1/mp/compositions/T561A1MPA3673PT17X20Y81D1007348655FS3645/views/1,width=378,height=378,appearanceId=2,backgroundColor=000000,noPt=true.webp"")",5d89f46513615160bf8441d9.jpg
Standing cat,Men’s Premium T-Shirt,www.spreadshirt.com/shop/design/-D5d89ec21f937647d81112822?sellable=5a5x1QLM1VH3gDmyNqe7-812-7,"=IMAGE(""https://image.spreadshirtmedia.com/image-server/v1/mp/compositions/T812A366MPA3140PT17X138Y69D12371796FS14036Cx000000:xFFFFFF:x97A09A/views/1,width=378,height=378,appearanceId=2,backgroundColor=000000,noPt=true.webp"")",5d89ec21f937647d81112822.jpg
Cat lover Tshirt,Kids' T-Shirt,www.spreadshirt.com/shop/design/-D5d89e4f213615160bf7ccc9b?sellable=vrd2w7mm07s2y94vRNnn-48-9,"=IMAGE(""https://image.spreadshirtmedia.com/image-server/v1/mp/compositions/T48A1MPA2954PT17X0Y15D1012415937FS2950/views/1,width=378,height=378,appearanceId=2,backgroundColor=000000,noPt=true.webp"")",5d89e4f213615160bf7ccc9b.jpg
The Great Catsby,Women's V-Neck T-Shirt,www.spreadshirt.com/shop/design/-D5d89f38a205176264222e88d?sellable=MLB088jJgDsx830kXy2R-348-13,"=IMAGE(""https://image.spreadshirtmedia.com/image-server/v1/mp/compositions/T348A2MPA3200PT17X1Y0D12552245FS4864/views/1,width=378,height=378,appearanceId=2,backgroundColor=000000,noPt=true.webp"")",5d89f38a205176264222e88d.jpg
Paws Plakat,Women's Premium T-Shirt,www.spreadshirt.com/shop/design/-D5d89da99b4b8c76e391f35be?sellable=0X2a9BGvzRcmbgRyR418-813-8,"=IMAGE(""https://image.spreadshirtmedia.com/image-server/v1/mp/compositions/T813A2MPA3132PT17X9Y50D12484970FS4345/views/1,width=378,height=378,appearanceId=2,backgroundColor=000000,noPt=true.webp"")",5d89da99b4b8c76e391f35be.jpg
Check meowt,Kids' Premium T-Shirt,www.spreadshirt.com/shop/design/-D5d8a1e49b4b8c76e393b0237?sellable=lzd0w9n8gxHqgMrDAZNL-815-9,"=IMAGE(""https://image.spreadshirtmedia.com/image-server/v1/mp/compositions/T815A231MPA3947PT17X33Y5D1008096146FS3010/views/1,width=378,height=378,appearanceId=2,backgroundColor=000000,noPt=true.webp"")",5d8a1e49b4b8c76e393b0237.jpg
"Kitties of the World, Unite!",Men's T-Shirt,www.spreadshirt.com/shop/design/-D5d89e23f20517626421a652f?sellable=kawLpV1dXXCLmlXgVojB-210-7,"=IMAGE(""https://image.spreadshirtmedia.com/image-server/v1/mp/compositions/T210A196MPA3176PT17X14Y11D11868593S80/views/1,width=378,height=378,appearanceId=2,backgroundColor=000000,noPt=true.webp"")",5d89e23f20517626421a652f.jpg
Yoga Pose Cat. Funny Yoga Jokes,Men's T-Shirt,www.spreadshirt.com/shop/design/-D5d8a14816bbdbb2e6a681d5f?sellable=dYdZNG5nqpsrREbv3Rv1-210-7,"=IMAGE(""https://image.spreadshirtmedia.com/image-server/v1/mp/compositions/T210A2MPA3176PT17X18Y5D1007201736FS4447/views/1,width=378,height=378,appearanceId=2,backgroundColor=000000,noPt=true.webp"")",5d8a14816bbdbb2e6a681d5f.jpg
many cat pixel,Women's Premium T-Shirt,www.spreadshirt.com/shop/design/-D5d89e873b4b8c76e392688c8?sellable=92qGNym1BEHDkqbGzvLA-813-8,"=IMAGE(""https://image.spreadshirtmedia.com/image-server/v1/mp/compositions/T813A39MPA3132PT17X15Y20D1006156359FS4498/views/1,width=378,height=378,appearanceId=2,backgroundColor=000000,noPt=true.webp"")",5d89e873b4b8c76e392688c8.jpg
Star Wars cat version - Meow the force be with you,Men’s Premium T-Shirt,www.spreadshirt.com/shop/design/-D5d8a23f0162c5f464e99e373?sellable=lzd0w07RpJiJpRjmekv2-812-7,"=IMAGE(""https://image.spreadshirtmedia.com/image-server/v1/mp/compositions/T812A2MPA3140PT17X45Y42D13264787FS6013/views/1,width=378,height=378,appearanceId=2,backgroundColor=000000,noPt=true.webp"")",5d8a23f0162c5f464e99e373.jpg
CAT POPULATION,Men’s Premium T-Shirt,www.spreadshirt.com/shop/design/-D5d89de29162c5f464e7dac51?sellable=OwDaGwj7GoizpENbA2DZ-812-7,"=IMAGE(""https://image.spreadshirtmedia.com/image-server/v1/mp/compositions/T812A2MPA3140PT17X28Y61D12093028FS27704CxFFFFFF/views/1,width=378,height=378,appearanceId=2,backgroundColor=000000,noPt=true.webp"")",5d89de29162c5f464e7dac51.jpg
Cat in pocket,Men’s Organic T-Shirt,www.spreadshirt.com/shop/design/-D5be2019b1cbf3a36af1bb263?sellable=VR9g5rz9Dahmnjd13oOO-1352-7,"=IMAGE(""https://image.spreadshirtmedia.com/image-server/v1/mp/compositions/T1352A1MPA3997PT17X197Y10D1019039335FS6510/views/1,width=378,height=378,appearanceId=2,backgroundColor=000000,noPt=true.webp"")",5be2019b1cbf3a36af1bb263.jpg
Ramen Cat Anime,Women's T-Shirt,www.spreadshirt.com/shop/design/-D5e5fa447f937645bbda639ff?sellable=Ow5ZJoElVNTz32DLQVr0-347-8,"=IMAGE(""https://image.spreadshirtmedia.com/image-server/v1/mp/compositions/T347A2MPA2978PT17X10Y11D1028272371FS2446/views/1,width=378,height=378,appearanceId=2,backgroundColor=000000,noPt=true.webp"")",5e5fa447f937645bbda639ff.jpg
Ew people cat shirt,Unisex Tri-Blend T-Shirt,www.spreadshirt.com/shop/design/-D5ac78fcaaa0c6d3a4b20bf15?sellable=prmM424yLNUAk7Q3wJZe-691-7,"=IMAGE(""https://image.spreadshirtmedia.com/image-server/v1/mp/compositions/T691A251MPA3867PT17X4Y49D1015840792S35/views/1,width=378,height=378,appearanceId=2,backgroundColor=000000,noPt=true.webp"")",5ac78fcaaa0c6d3a4b20bf15.jpg
I do what I want black cat animals cat,Women's T-Shirt,www.spreadshirt.com/shop/design/-D5cb5930bf9376465d1bec386?sellable=Lndrj90qL9txwA3kQ0ad-347-8,"=IMAGE(""https://image.spreadshirtmedia.com/image-server/v1/mp/compositions/T347A2MPA2978PT17X22Y13D1022357646FS2187/views/1,width=378,height=378,appearanceId=2,backgroundColor=000000,noPt=true.webp"")",5cb5930bf9376465d1bec386.jpg
NOTE MUSIC Black Cat T-Shirt,Men's T-Shirt,www.spreadshirt.com/shop/design/-D5bc55c2af93764414a2297d0?sellable=qrQrM5DGdZIR0q9vZZvg-210-7,"=IMAGE(""https://image.spreadshirtmedia.com/image-server/v1/mp/compositions/T210A1MPA3176PT17X0Y3D1018655040FS3472/views/1,width=378,height=378,appearanceId=2,backgroundColor=000000,noPt=true.webp"")",5bc55c2af93764414a2297d0.jpg
Funny Murderous Cat What? Holding Knife Halloween,Women's T-Shirt,www.spreadshirt.com/shop/design/-D5db48bbbf9376451336e8128?sellable=gnQ1a5xQRyhbpGpNRMqN-347-8,"=IMAGE(""https://image.spreadshirtmedia.com/image-server/v1/mp/compositions/T347A1MPA2978PT17X22Y13D1025981401FS2187/views/1,width=378,height=378,appearanceId=2,backgroundColor=000000,noPt=true.webp"")",5db48bbbf9376451336e8128.jpg
Black Cat Lover Gift Retro Style,Women's Premium T-Shirt,www.spreadshirt.com/shop/design/-D5da872b32051764a5a81df62?sellable=aZkyY7AqZ1hmn4nJ0a37-813-8,"=IMAGE(""https://image.spreadshirtmedia.com/image-server/v1/mp/compositions/T813A2MPA3132PT17X7Y22D1025820070FS2783/views/1,width=378,height=378,appearanceId=2,backgroundColor=000000,noPt=true.webp"")",5da872b32051764a5a81df62.jpg
Nonplussed Black Cat Filing Nails,Men's T-Shirt,www.spreadshirt.com/shop/design/-D59cd3a15f6c60d5719ffde0d?sellable=jwMYR1o3vGSzOMa78XYv-210-7,"=IMAGE(""https://image.spreadshirtmedia.com/image-server/v1/mp/compositions/T210A2MPA3176PT17X30Y0D1012778558FS4719/views/1,width=378,height=378,appearanceId=2,backgroundColor=000000,noPt=true.webp"")",59cd3a15f6c60d5719ffde0d.jpg
Purr a noia Funny Cat Animal,Men’s Premium T-Shirt,www.spreadshirt.com/shop/design/-D5a8cdfc35d52cd4afae790eb?sellable=zrL0yvnOGOfkVeO1vev0-812-7,"=IMAGE(""https://image.spreadshirtmedia.com/image-server/v1/mp/compositions/T812A649MPA3140PT17X29Y24D1015191917FS5600/views/1,width=378,height=378,appearanceId=2,backgroundColor=000000,noPt=true.webp"")",5a8cdfc35d52cd4afae790eb.jpg
Cat Space,Men’s Premium T-Shirt,www.spreadshirt.com/shop/design/-D5b63bd09205176329ffe25ec?sellable=QzLkQvzmZVsAdMx4rkmk-812-7,"=IMAGE(""https://image.spreadshirtmedia.com/image-server/v1/mp/compositions/T812A2MPA3140PT17X75Y47D1017421927FS1923/views/1,width=378,height=378,appearanceId=2,backgroundColor=000000,noPt=true.webp"")",5b63bd09205176329ffe25ec.jpg
Cute Cat Valentines Day Kitten Kitty Love Gift,Men's T-Shirt,www.spreadshirt.com/shop/design/-D5a5d0b30f6c60d3d1819a633?sellable=LnjBkaepZRSlyBnmZdnN-210-7,"=IMAGE(""https://image.spreadshirtmedia.com/image-server/v1/mp/compositions/T210A2MPA3176PT17X43Y42D1014628171FS2900/views/1,width=378,height=378,appearanceId=2,backgroundColor=000000,noPt=true.webp"")",5a5d0b30f6c60d3d1819a633.jpg
Rainbow Cat,Kids' Premium T-Shirt,www.spreadshirt.com/shop/design/-D5da99964f9376461d971fc6b?sellable=OwRgmoLX0whz3bv5Yr9g-815-9,"=IMAGE(""https://image.spreadshirtmedia.com/image-server/v1/mp/compositions/T815A2MPA3947PT17X36Y0D1025835838FS3477/views/1,width=378,height=378,appearanceId=2,backgroundColor=000000,noPt=true.webp"")",5da99964f9376461d971fc6b.jpg
Cat in the pocket,Unisex Baseball T-Shirt,www.spreadshirt.com/shop/design/-D5b8e3f48f937647e39b539b3?sellable=qr19voO8MlTRZOLEO5Dw-951-18,"=IMAGE(""https://image.spreadshirtmedia.com/image-server/v1/mp/compositions/T951A80MPA3076PT17X125Y27D1017926659FS6207/views/1,width=378,height=378,appearanceId=2,backgroundColor=000000,noPt=true.webp"")",5b8e3f48f937647e39b539b3.jpg
Tennis because Murder is Wrong Best Gift Ideas cat,Men’s Premium T-Shirt,www.spreadshirt.com/shop/design/-D6059f5f6980ab1211e8d97e1?sellable=8yrBOeyGaYtkDpd8QwEk-812-7,"=IMAGE(""https://image.spreadshirtmedia.com/image-server/v1/mp/compositions/T812A386MPA3140PT17X70Y47D1037730054FS2187/views/1,width=378,height=378,appearanceId=2,backgroundColor=000000,noPt=true.webp"")",6059f5f6980ab1211e8d97e1.jpg
Cats on a bicycle,Men's T-Shirt,www.spreadshirt.com/shop/design/-D5d89f50cf937647d81156cf5?sellable=309OZznbvDFNg8qj1qzZ-210-7,"=IMAGE(""https://image.spreadshirtmedia.com/image-server/v1/mp/compositions/T210A7MPA3176PT17X18Y14D1016820985FS4078/views/1,width=378,height=378,appearanceId=2,backgroundColor=000000,noPt=true.webp"")",5d89f50cf937647d81156cf5.jpg
cat live matter cat t shirts,Women's Vintage Sport T-Shirt,www.spreadshirt.com/shop/design/-D5adff4d1aa0c6d29b7bffbe9?sellable=GBwRwmbDGpCYvy4MrvaL-1172-8,"=IMAGE(""https://image.spreadshirtmedia.com/image-server/v1/mp/compositions/T1172A54MPA3563PT17X15Y25D1016089829FS2631/views/1,width=378,height=378,appearanceId=2,backgroundColor=000000,noPt=true.webp"")",5adff4d1aa0c6d29b7bffbe9.jpg
BLACK CAT STARE,Kids' T-Shirt,www.spreadshirt.com/shop/design/-D5aaee9a8aa0c6d7a8f8a095a?sellable=E7MeMMLvomH15oXm1GvD-48-9,"=IMAGE(""https://image.spreadshirtmedia.com/image-server/v1/mp/compositions/T48A33MPA2954PT17X0Y1D1015602541FS5880/views/1,width=378,height=378,appearanceId=2,backgroundColor=000000,noPt=true.webp"")",5aaee9a8aa0c6d7a8f8a095a.jpg
ew people speak black cat animals mood funnny sad,Men's T-Shirt,www.spreadshirt.com/shop/design/-D5bbeb5e8205176241ce662cd?sellable=0X73mk78g7sOBlbqYkvQ-210-7,"=IMAGE(""https://image.spreadshirtmedia.com/image-server/v1/mp/compositions/T210A1MPA3176PT17X11Y8D1018561403FS3242/views/1,width=378,height=378,appearanceId=2,backgroundColor=000000,noPt=true.webp"")",5bbeb5e8205176241ce662cd.jpg
i do what i want cat,Women's T-Shirt,www.spreadshirt.com/shop/design/-D5b67bdb0205176329fa02c73?sellable=qr1V2glMbRhOYg24yeZA-347-8,"=IMAGE(""https://image.spreadshirtmedia.com/image-server/v1/mp/compositions/T347A1MPA2978PT17X0Y0D1017461761FS2630/views/1,width=378,height=378,appearanceId=2,backgroundColor=000000,noPt=true.webp"")",5b67bdb0205176329fa02c73.jpg
Best Cat Mom Ever,Women's Loose Fit T-Shirt,www.spreadshirt.com/shop/design/-D5e41623df9376406c51883ac?sellable=ekOGM3ApRBTzdrX51Q78-1191-8,"=IMAGE(""https://image.spreadshirtmedia.com/image-server/v1/mp/compositions/T1191A2MPA3535PT17X41Y38D1027833969FS3940/views/1,width=378,height=378,appearanceId=2,backgroundColor=000000,noPt=true.webp"")",5e41623df9376406c51883ac.jpg
4th of july forever funny US cat with sunglasses,Men’s Premium T-Shirt,www.spreadshirt.com/shop/design/-D60addbaa6ae5286c7ee88fe4?sellable=Qz1Awbq29pT2BLjLRYr3-812-7,"=IMAGE(""https://image.spreadshirtmedia.com/image-server/v1/mp/compositions/T812A823MPA3140PT17X32Y4D1039149924FS2974/views/1,width=378,height=378,appearanceId=2,backgroundColor=000000,noPt=true.webp"")",60addbaa6ae5286c7ee88fe4.jpg
Cat Cat Cat,Men's T-Shirt,www.spreadshirt.com/shop/design/-D5b69ecdc2051760afe726e86?sellable=N0BR5qgaX3TpdgGa0wXw-210-7,"=IMAGE(""https://image.spreadshirtmedia.com/image-server/v1/mp/compositions/T210A696MPA3176PT17X64Y51D1017487499S100/views/1,width=378,height=378,appearanceId=2,backgroundColor=000000,noPt=true.webp"")",5b69ecdc2051760afe726e86.jpg
I Like Cats And Maybe Like 3 People,Men’s Premium T-Shirt,www.spreadshirt.com/shop/design/-D60b99aac28a92f701a9f55cf?sellable=Xywawb8kqXHvNd3oo11E-812-7,"=IMAGE(""https://image.spreadshirtmedia.com/image-server/v1/mp/compositions/T812A2MPA3140PT17X24Y45D1039346609FS3160/views/1,width=378,height=378,appearanceId=2,backgroundColor=000000,noPt=true.webp"")",60b99aac28a92f701a9f55cf.jpg
Cat What - Murderous Cat With Knife,Men's T-Shirt,www.spreadshirt.com/shop/design/-D5ff72961c2ee60404bdf20b2?sellable=AlO3XDJ5OEfDrG3YoB2e-210-7,"=IMAGE(""https://image.spreadshirtmedia.com/image-server/v1/mp/compositions/T210A96MPA3176PT17X45Y39D1035937488FS1375/views/1,width=378,height=378,appearanceId=2,backgroundColor=000000,noPt=true.webp"")",5ff72961c2ee60404bdf20b2.jpg
i do what i want cat t shirt ds4,Men's T-Shirt,www.spreadshirt.com/shop/design/-D5eb7d4272051766f088c34eb?sellable=8yVxw0BAxNTyQ3vbJ4D0-210-7,"=IMAGE(""https://image.spreadshirtmedia.com/image-server/v1/mp/compositions/T210A2MPA3176PT17X9Y11D1029379562FS3296/views/1,width=378,height=378,appearanceId=2,backgroundColor=000000,noPt=true.webp"")",5eb7d4272051766f088c34eb.jpg
Crazy Cat Lady Funny Cute Fashion Ladies Fit Women,Men's T-Shirt,www.spreadshirt.com/shop/design/-D5b6275b3205176329f592cc6?sellable=4w2pmNdZvgh3egql4kN8-210-7,"=IMAGE(""https://image.spreadshirtmedia.com/image-server/v1/mp/compositions/T210A2MPA3176PT17X2Y7D1017404038FS3433/views/1,width=378,height=378,appearanceId=2,backgroundColor=000000,noPt=true.webp"")",5b6275b3205176329f592cc6.jpg
Tabby Cat Best Cat Mom Ever,Unisex Baseball T-Shirt,www.spreadshirt.com/shop/design/-D5e88e46b205176474d396508?sellable=lzp90RDLYAF0Nkpm4Aee-951-18,"=IMAGE(""https://image.spreadshirtmedia.com/image-server/v1/mp/compositions/T951A54MPA3076PT17X27Y10D1028787581FS3875/views/1,width=378,height=378,appearanceId=2,backgroundColor=000000,noPt=true.webp"")",5e88e46b205176474d396508.jpg
TUXEDO KITTEN,Men’s Premium T-Shirt,www.spreadshirt.com/shop/design/-D5e00219d2051761c0030d8e5?sellable=orx52Dan20szjyo21neO-812-7,"=IMAGE(""https://image.spreadshirtmedia.com/image-server/v1/mp/compositions/T812A804MPA3140PT17X22Y29D1027032049FS8531/views/1,width=378,height=378,appearanceId=2,backgroundColor=000000,noPt=true.webp"")",5e00219d2051761c0030d8e5.jpg
Cat mom,Men's T-Shirt,www.spreadshirt.com/shop/design/-D5d11e5ed1cbf3a717d889a40?sellable=rAaL9Qk4MZI0wJoOnRqg-210-7,"=IMAGE(""https://image.spreadshirtmedia.com/image-server/v1/mp/compositions/T210A134MPA3176PT17X72Y37D1023870563FS3690/views/1,width=378,height=378,appearanceId=2,backgroundColor=000000,noPt=true.webp"")",5d11e5ed1cbf3a717d889a40.jpg
Team Cat,Men's Ringer T-Shirt,www.spreadshirt.com/shop/design/-D59745aeaf6c60d0cbe65b5cf?sellable=4wn0bXv8E5tMDkw58gQX-121-7,"=IMAGE(""https://image.spreadshirtmedia.com/image-server/v1/mp/compositions/T121A70MPA4057PT17X52Y35D1011837091S17/views/1,width=378,height=378,appearanceId=2,backgroundColor=000000,noPt=true.webp"")",59745aeaf6c60d0cbe65b5cf.jpg
Astronaut cat TSHIRT,Men's T-Shirt,www.spreadshirt.com/shop/design/-D5997a990aa0c6d63c445fa54?sellable=yrqLjlkYx1CzgRgA9Rez-210-7,"=IMAGE(""https://image.spreadshirtmedia.com/image-server/v1/mp/compositions/T210A2MPA3176PT17X36Y0D1012213229FS4719/views/1,width=378,height=378,appearanceId=2,backgroundColor=000000,noPt=true.webp"")",5997a990aa0c6d63c445fa54.jpg
Piss me off cat shirt,Women's Premium T-Shirt,www.spreadshirt.com/shop/design/-D5a3c646eaa0c6d3d04f8e5d9?sellable=vrZdQrrmmGCka51b7JNa-813-8,"=IMAGE(""https://image.spreadshirtmedia.com/image-server/v1/mp/compositions/T813A2MPA3132PT17X9Y21D1014252507S50/views/1,width=378,height=378,appearanceId=2,backgroundColor=000000,noPt=true.webp"")",5a3c646eaa0c6d3d04f8e5d9.jpg
Angry black cat,Unisex Tri-Blend T-Shirt,www.spreadshirt.com/shop/design/-D5afe8222aa0c6d1117f804b1?sellable=AlmBQyxDZOUmr5Zaj20A-691-7,"=IMAGE(""https://image.spreadshirtmedia.com/image-server/v1/mp/compositions/T691A251MPA3867PT17X2Y0D1016385482FS5915/views/1,width=378,height=378,appearanceId=2,backgroundColor=000000,noPt=true.webp"")",5afe8222aa0c6d1117f804b1.jpg
We're All Mad Here Grinning Wonderland Cheshire,Unisex Poly Cotton T-Shirt,www.spreadshirt.com/shop/design/-D5d3d6d4bf937643b7300b317?sellable=92dwm8qoxDsQdyvOq7XB-1130-7,"=IMAGE(""https://image.spreadshirtmedia.com/image-server/v1/mp/compositions/T1130A2MPA3365PT17X0Y17D1024474117FS3044/views/1,width=378,height=378,appearanceId=2,backgroundColor=000000,noPt=true.webp"")",5d3d6d4bf937643b7300b317.jpg
hug black cat cow t shirts,Men's T-Shirt,www.spreadshirt.com/shop/design/-D5b4da7adf937643a40156498?sellable=Zbp1VmyJGlFXM5v5EJ3x-210-7,"=IMAGE(""https://image.spreadshirtmedia.com/image-server/v1/mp/compositions/T210A1MPA3176PT17X3Y7D1017178161FS3433/views/1,width=378,height=378,appearanceId=2,backgroundColor=000000,noPt=true.webp"")",5b4da7adf937643a40156498.jpg
Cute Piano Cat Pianist Keyboard Player,Men's T-Shirt,www.spreadshirt.com/shop/design/-D60a3ba1a5454db222041d3d7?sellable=Qz15wE09VdfwBxZDX3gn-210-7,"=IMAGE(""https://image.spreadshirtmedia.com/image-server/v1/mp/compositions/T210A2MPA3176PT17X12Y87D1038973408FS3583/views/1,width=378,height=378,appearanceId=2,backgroundColor=000000,noPt=true.webp"")",60a3ba1a5454db222041d3d7.jpg
Dog And Cat,Women's Scoop-Neck T-Shirt,www.spreadshirt.com/shop/design/-D5efec7651cbf3a35f1dc0e6b?sellable=lzyYnyN44BT1YEnZXvg4-561-8,"=IMAGE(""https://image.spreadshirtmedia.com/image-server/v1/mp/compositions/T561A2MPA3673PT17X1Y9D1030846419FS3039/views/1,width=378,height=378,appearanceId=2,backgroundColor=000000,noPt=true.webp"")",5efec7651cbf3a35f1dc0e6b.jpg
How To Get Away With Murder,Men's 50/50 T-Shirt,www.spreadshirt.com/shop/design/-D5c25f00a205176394a668246?sellable=ML3qo51NJJIx8GEY9voY-1197-7,"=IMAGE(""https://image.spreadshirtmedia.com/image-server/v1/mp/compositions/T1197A1MPA3503PT17X52Y89D1020150025FS2329/views/1,width=378,height=378,appearanceId=2,backgroundColor=000000,noPt=true.webp"")",5c25f00a205176394a668246.jpg
CAT PEW PEW MADAFAKAS VINTAGE,Unisex Tri-Blend T-Shirt,www.spreadshirt.com/shop/design/-D5fb7b4d83d3a133a5c9cd335?sellable=gnAGdoM3pXcewl7aDrNe-691-7,"=IMAGE(""https://image.spreadshirtmedia.com/image-server/v1/mp/compositions/T691A228MPA3867PT17X7Y26D1034636433FS3055/views/1,width=378,height=378,appearanceId=2,backgroundColor=000000,noPt=true.webp"")",5fb7b4d83d3a133a5c9cd335.jpg
Behind every woman there is cat. Perfect gift for,Unisex Tri-Blend T-Shirt,www.spreadshirt.com/shop/design/-D5aaa72af5d52cd4afa1c34e3?sellable=orOj80qwJ1S4q3yLvDqk-691-8,"=IMAGE(""https://image.spreadshirtmedia.com/image-server/v1/mp/compositions/T691A251MPA3867PT17X59Y38D1015560379FS4399/views/1,width=378,height=378,appearanceId=2,backgroundColor=000000,noPt=true.webp"")",5aaa72af5d52cd4afa1c34e3.jpg
cats make me happy humans make my head hurt cat,Men's T-Shirt,www.spreadshirt.com/shop/design/-D5cb6df842051762f1937b5a2?sellable=Xy9vvy3qwXCGQzpbmLyp-210-7,"=IMAGE(""https://image.spreadshirtmedia.com/image-server/v1/mp/compositions/T210A2MPA3176PT17X19Y24D1022381598FS3069/views/1,width=378,height=378,appearanceId=2,backgroundColor=000000,noPt=true.webp"")",5cb6df842051762f1937b5a2.jpg
Cute Orange Tabby Cat Shirt - Gift For Cat Lovers,Maternity T-Shirt,www.spreadshirt.com/shop/design/-D5b651395f9376457566e3380?sellable=GBQE9jLaNAhE3zym7GpG-992-208,"=IMAGE(""https://image.spreadshirtmedia.com/image-server/v1/mp/compositions/T992A2MPA3591PT17X35Y37D1017436522FS2187/views/1,width=378,height=378,appearanceId=2,backgroundColor=000000,noPt=true.webp"")",5b651395f9376457566e3380.jpg
Knee Replacement Surgery Cat Owner Get Well Gift,Men’s Premium T-Shirt,www.spreadshirt.com/shop/design/-D5e13504c1cbf3a4bbdb66a2d?sellable=BqjrAMn1w3trB9OmmbYD-812-7,"=IMAGE(""https://image.spreadshirtmedia.com/image-server/v1/mp/compositions/T812A2MPA3140PT17X70Y47D1027219560FS2187/views/1,width=378,height=378,appearanceId=2,backgroundColor=000000,noPt=true.webp"")",5e13504c1cbf3a4bbdb66a2d.jpg
Cat Black,Women's Vintage Sport T-Shirt,www.spreadshirt.com/shop/design/-D5c8a8d391cbf3a06eccc3a88?sellable=bBnnNYQv5MF53DBZe7pG-1172-8,"=IMAGE(""https://image.spreadshirtmedia.com/image-server/v1/mp/compositions/T1172A70MPA3563PT17X15Y59D1021637004FS2430/views/1,width=378,height=378,appearanceId=2,backgroundColor=000000,noPt=true.webp"")",5c8a8d391cbf3a06eccc3a88.jpg
Kitty From Bicycles Bicycle Cat,Women's T-Shirt,www.spreadshirt.com/shop/design/-D5f3bdd7720517638bea0e161?sellable=VRVkMD307YtMo0Bx35Ex-347-8,"=IMAGE(""https://image.spreadshirtmedia.com/image-server/v1/mp/compositions/T347A2MPA2978PT17X13Y0D1032145916FS3543/views/1,width=378,height=378,appearanceId=2,backgroundColor=000000,noPt=true.webp"")",5f3bdd7720517638bea0e161.jpg
Cat Dad Matching Couple Outfit Cat Lover Gift Idea,Men's Tall T-Shirt,www.spreadshirt.com/shop/design/-D5ddc793d1cbf3a7cc6ce4d69?sellable=Al81bAnnBZu4D7mVvnVw-650-7,"=IMAGE(""https://image.spreadshirtmedia.com/image-server/v1/mp/compositions/T650A2MPA4005PT17X42Y44D1026517971S35/views/1,width=378,height=378,appearanceId=2,backgroundColor=000000,noPt=true.webp"")",5ddc793d1cbf3a7cc6ce4d69.jpg
Grumpy Cat | I don't Take Orders,Men's T-Shirt,www.spreadshirt.com/shop/design/-D604529fed193227eba0be39f?sellable=rA3BgAoerZSRGXj2Q4eO-210-7,"=IMAGE(""https://image.spreadshirtmedia.com/image-server/v1/mp/compositions/T210A2MPA3176PT17X0Y34D1037376137FS3309/views/1,width=378,height=378,appearanceId=2,backgroundColor=000000,noPt=true.webp"")",604529fed193227eba0be39f.jpg
I'm voting for CATS in the USA,Women's Premium T-Shirt,www.spreadshirt.com/shop/design/-D5a3dfea3f6c60d7a201058dd?sellable=5ayN851dGJTxLV0y8EpB-813-8,"=IMAGE(""https://image.spreadshirtmedia.com/image-server/v1/mp/compositions/T813A1MPA3132PT17X56Y62D1014272076S32/views/1,width=378,height=378,appearanceId=2,backgroundColor=000000,noPt=true.webp"")",5a3dfea3f6c60d7a201058dd.jpg
Pets Dog Cat Horse Colorful Design Animal T-Shirt,Women's Premium T-Shirt,www.spreadshirt.com/shop/design/-D5d73e9f81361510265e1a8b7?sellable=vrdyvedwJxs2qaVRGXjb-813-8,"=IMAGE(""https://image.spreadshirtmedia.com/image-server/v1/mp/compositions/T813A2MPA3132PT17X0Y61D1025143169FS3286/views/1,width=378,height=378,appearanceId=2,backgroundColor=000000,noPt=true.webp"")",5d73e9f81361510265e1a8b7.jpg
I Work Hard So My Cats Can Live A Better Life Tee,Men’s Organic T-Shirt,www.spreadshirt.com/shop/design/-D5f0dce0e2051767b5ee9f38e?sellable=Lnql1908zGhRrxrZrk9n-1352-7,"=IMAGE(""https://image.spreadshirtmedia.com/image-server/v1/mp/compositions/T1352A2MPA3997PT17X65Y47D1031141952FS3688/views/1,width=378,height=378,appearanceId=2,backgroundColor=000000,noPt=true.webp"")",5f0dce0e2051767b5ee9f38e.jpg
Silhouette Cat Treble Clef Note Music Lover,Women's Tri-Blend V-Neck T-Shirt,www.spreadshirt.com/shop/design/-D5931359aaa0c6d4a4c6185c6?sellable=gnr491r9y9fgdXwww0XZ-1038-13,"=IMAGE(""https://image.spreadshirtmedia.com/image-server/v1/mp/compositions/T1038A2MPA4105PT17X40Y30D1011220931FS2196/views/1,width=378,height=378,appearanceId=2,backgroundColor=000000,noPt=true.webp"")",5931359aaa0c6d4a4c6185c6.jpg
Humor Cat moods,Men’s Premium T-Shirt,www.spreadshirt.com/shop/design/-D5e1daa1c1cbf3a3408e0c1b6?sellable=Dpn7elRRRQT4dQdQlQwA-812-7,"=IMAGE(""https://image.spreadshirtmedia.com/image-server/v1/mp/compositions/T812A2MPA3140PT17X70Y47D1027345951FS2185/views/1,width=378,height=378,appearanceId=2,backgroundColor=000000,noPt=true.webp"")",5e1daa1c1cbf3a3408e0c1b6.jpg
Cyber Cat,Men’s Premium T-Shirt,www.spreadshirt.com/shop/design/-D604774cc998267255d70b469?sellable=74roAnJjZlizjZ3V5ol1-812-7,"=IMAGE(""https://image.spreadshirtmedia.com/image-server/v1/mp/compositions/T812A386MPA3140PT17X67Y47D1037413732FS3671/views/1,width=378,height=378,appearanceId=2,backgroundColor=000000,noPt=true.webp"")",604774cc998267255d70b469.jpg
Knee Replacement Surgery Funny Cat Gift,Men’s Organic T-Shirt,www.spreadshirt.com/shop/design/-D5c883027205176299e662fd0?sellable=VRGa9zLwBVuMoz2oaReL-1352-7,"=IMAGE(""https://image.spreadshirtmedia.com/image-server/v1/mp/compositions/T1352A2MPA3997PT17X52Y39D1021600951FS2564/views/1,width=378,height=378,appearanceId=2,backgroundColor=000000,noPt=true.webp"")",5c883027205176299e662fd0.jpg
Cat Moon,Men’s Premium T-Shirt,www.spreadshirt.com/shop/design/-D5e5fbdfb1cbf3a594e8e0079?sellable=Bqg2yq5NnMCrBlMJlJ1L-812-7,"=IMAGE(""https://image.spreadshirtmedia.com/image-server/v1/mp/compositions/T812A397MPA3140PT17X100Y47D1028273807FS3970/views/1,width=378,height=378,appearanceId=2,backgroundColor=000000,noPt=true.webp"")",5e5fbdfb1cbf3a594e8e0079.jpg
Schrodinger's cat cat,Men’s Premium T-Shirt,www.spreadshirt.com/shop/design/-D5d89d73e1cbf3a25d59b1d05?sellable=XyEGxRD8Q3frB1MMJnj5-812-7,"=IMAGE(""https://image.spreadshirtmedia.com/image-server/v1/mp/compositions/T812A366MPA3140PT17X29Y79D1012618274FS3486/views/1,width=378,height=378,appearanceId=2,backgroundColor=000000,noPt=true.webp"")",5d89d73e1cbf3a25d59b1d05.jpg
For The Homies,Women's Tri-Blend V-Neck T-Shirt,www.spreadshirt.com/shop/design/-D5b9683e01cbf3a42ac8b3e62?sellable=ZbMQpjQValhG0DARe8V2-1038-13,"=IMAGE(""https://image.spreadshirtmedia.com/image-server/v1/mp/compositions/T1038A2MPA4105PT17X1Y7D1018031548FS2760/views/1,width=378,height=378,appearanceId=2,backgroundColor=000000,noPt=true.webp"")",5b9683e01cbf3a42ac8b3e62.jpg
Super Sexy Cat Lady Shirt,Men's T-Shirt,www.spreadshirt.com/shop/design/-D5add82c0f6c60d7b5c61339e?sellable=bB0v99njzRSm4RLNLVQD-210-7,"=IMAGE(""https://image.spreadshirtmedia.com/image-server/v1/mp/compositions/T210A231MPA3176PT17X24Y15D1016062890FS5577/views/1,width=378,height=378,appearanceId=2,backgroundColor=000000,noPt=true.webp"")",5add82c0f6c60d7b5c61339e.jpg
I do what i want black cat shirt,Women's Premium T-Shirt,www.spreadshirt.com/shop/design/-D5cdb869620517622ea2f8d36?sellable=aZ1k39mpxnsmnOgErppL-813-8,"=IMAGE(""https://image.spreadshirtmedia.com/image-server/v1/mp/compositions/T813A2MPA3132PT17X14Y27D1023049814FS4917/views/1,width=378,height=378,appearanceId=2,backgroundColor=000000,noPt=true.webp"")",5cdb869620517622ea2f8d36.jpg
Arctic Cat Saber Screen Printed Black Long Sleeve,Women's Flowy T-Shirt,www.spreadshirt.com/shop/design/-D5a297933f6c60d27a837ac9c?sellable=dYrrRBknx0HXpgNnnwAA-1171-8,"=IMAGE(""https://image.spreadshirtmedia.com/image-server/v1/mp/compositions/T1171A2MPA3575PT17X13Y24D1013969489FS3600/views/1,width=378,height=378,appearanceId=2,backgroundColor=000000,noPt=true.webp"")",5a297933f6c60d27a837ac9c.jpg
Cat - I work hard so my cat can live a better life,Men’s Premium T-Shirt,www.spreadshirt.com/shop/design/-D5d8a243bf937647d81267390?sellable=N0QwD2bZa0uVJpQd9E8D-812-7,"=IMAGE(""https://image.spreadshirtmedia.com/image-server/v1/mp/compositions/T812A2MPA3140PT17X29Y65D13246360FS5693/views/1,width=378,height=378,appearanceId=2,backgroundColor=000000,noPt=true.webp"")",5d8a243bf937647d81267390.jpg
The Tenacious Power Of A Teacher T Shirt,Women's Scoop-Neck T-Shirt,www.spreadshirt.com/shop/design/-D5924f534aa0c6d344f64032d?sellable=Ln8blGrDRqS2DRvwVGkE-561-8,"=IMAGE(""https://image.spreadshirtmedia.com/image-server/v1/mp/compositions/T561A2MPA3673PT17X18Y24D1011119223FS3600/views/1,width=378,height=378,appearanceId=2,backgroundColor=000000,noPt=true.webp"")",5924f534aa0c6d344f64032d.jpg
Polygon cat geometric cats design,Men’s Premium T-Shirt,www.spreadshirt.com/shop/design/-D5fcf60ca19e03502743247e2?sellable=8y335dXGRbtEG5OQMERo-812-7,"=IMAGE(""https://image.spreadshirtmedia.com/image-server/v1/mp/compositions/T812A2MPA3140PT17X65Y47D1035194853FS1168/views/1,width=378,height=378,appearanceId=2,backgroundColor=000000,noPt=true.webp"")",5fcf60ca19e03502743247e2.jpg
Cat Cats Lover Owner Animals,Women's T-Shirt,www.spreadshirt.com/shop/design/-D5b10d7a7f6c60d716f941ee4?sellable=kab5q9yDgBSA5jVB5Epv-347-8,"=IMAGE(""https://image.spreadshirtmedia.com/image-server/v1/mp/compositions/T347A2MPA2978PT17X0Y14D1016572279FS2969/views/1,width=378,height=378,appearanceId=2,backgroundColor=000000,noPt=true.webp"")",5b10d7a7f6c60d716f941ee4.jpg
notta cat shirt,Women's Tri-Blend V-Neck T-Shirt,www.spreadshirt.com/shop/design/-D6024499986e9013a9f5e6ce1?sellable=kay75AVk3GHl307Y1Rby-1038-13,"=IMAGE(""https://image.spreadshirtmedia.com/image-server/v1/mp/compositions/T1038A231MPA4105PT17X40Y37D1036824797FS2016/views/1,width=378,height=378,appearanceId=2,backgroundColor=000000,noPt=true.webp"")",6024499986e9013a9f5e6ce1.jpg
Schrodinger's Cat In The Box By Dr. Schrodinger,Women's T-Shirt,www.spreadshirt.com/shop/design/-D5da5e02720517631ed80692b?sellable=ekM4YEqojzIB8z1BnVJe-347-8,"=IMAGE(""https://image.spreadshirtmedia.com/image-server/v1/mp/compositions/T347A17MPA2978PT17X1Y0D1025784814FS2624/views/1,width=378,height=378,appearanceId=2,backgroundColor=000000,noPt=true.webp"")",5da5e02720517631ed80692b.jpg
Cats Drummer,Men's T-Shirt,www.spreadshirt.com/shop/design/-D60c446a353a82f0246615ec0?sellable=rADjxRbXkLtOA85vnlLg-210-7,"=IMAGE(""https://image.spreadshirtmedia.com/image-server/v1/mp/compositions/T210A231MPA3176PT17X99Y37D1039501341FS2951/views/1,width=378,height=378,appearanceId=2,backgroundColor=000000,noPt=true.webp"")",60c446a353a82f0246615ec0.jpg
COOL CAT CLOTHES COOL CAT KID or ADULT BLACK COOL,Men's T-Shirt,www.spreadshirt.com/shop/design/-D5b651b8d205176329f836ee0?sellable=bBre5oDMaLIpGg1wYvjj-210-7,"=IMAGE(""https://image.spreadshirtmedia.com/image-server/v1/mp/compositions/T210A2MPA3176PT17X3Y9D1017437057FS3401/views/1,width=378,height=378,appearanceId=2,backgroundColor=000000,noPt=true.webp"")",5b651b8d205176329f836ee0.jpg
Best Cat Mom Ever Bandana,Women's T-Shirt,www.spreadshirt.com/shop/design/-D5e41395df9376406c5cbd27c?sellable=kaAvnj3zpwC9DGzrMRpb-347-8,"=IMAGE(""https://image.spreadshirtmedia.com/image-server/v1/mp/compositions/T347A2MPA2978PT17X21Y13D1027830317FS4101/views/1,width=378,height=378,appearanceId=2,backgroundColor=000000,noPt=true.webp"")",5e41395df9376406c5cbd27c.jpg
I Do What I Want Cat People Gift,Women's T-Shirt,www.spreadshirt.com/shop/design/-D5cf29644162c5f48722b5fa1?sellable=74GLpmmvZVSrlMjqByg1-347-8,"=IMAGE(""https://image.spreadshirtmedia.com/image-server/v1/mp/compositions/T347A2MPA2978PT17X38Y27D1023453419FS842/views/1,width=378,height=378,appearanceId=2,backgroundColor=000000,noPt=true.webp"")",5cf29644162c5f48722b5fa1.jpg
Cute Black Cat - Antidepressant Kitten,Women's Tri-Blend V-Neck T-Shirt,www.spreadshirt.com/shop/design/-D6007860b3bbb8764f3106195?sellable=prJbzbbRyRsXG01j9GJB-1038-13,"=IMAGE(""https://image.spreadshirtmedia.com/image-server/v1/mp/compositions/T1038A231MPA4105PT17X44Y18D1036257012FS2707/views/1,width=378,height=378,appearanceId=2,backgroundColor=000000,noPt=true.webp"")",6007860b3bbb8764f3106195.jpg
Cat Playing Violin For Violin Player,Women's Premium T-Shirt,www.spreadshirt.com/shop/design/-D6017a223df8bed243ea783b0?sellable=MLle0zvXNNF1y4E4XzJ5-813-8,"=IMAGE(""https://image.spreadshirtmedia.com/image-server/v1/mp/compositions/T813A397MPA3132PT17X42Y30D1036584449FS2301/views/1,width=378,height=378,appearanceId=2,backgroundColor=000000,noPt=true.webp"")",6017a223df8bed243ea783b0.jpg
Tell your Cat I Said Pspsps - Funny Cat Shirt,Men's T-Shirt,www.spreadshirt.com/shop/design/-D608bc56bea9dd72c97939532?sellable=orDk88NjmRs4Yn32BD5l-210-7,"=IMAGE(""https://image.spreadshirtmedia.com/image-server/v1/mp/compositions/T210A696MPA3176PT17X61Y37D1038557497FS2187/views/1,width=378,height=378,appearanceId=2,backgroundColor=000000,noPt=true.webp"")",608bc56bea9dd72c97939532.jpg
Tell Your Cat I Said Hi 2,Women's Knotted T-Shirt,www.spreadshirt.com/shop/design/-D5f703cfc1cbf3a02236010cd?sellable=JkQ41E22wrcJoLkJnexw-1404-8,"=IMAGE(""https://image.spreadshirtmedia.com/image-server/v1/mp/compositions/T1404A2MPA3663PT17X46Y13D1033229808FS2187/views/1,width=378,height=378,appearanceId=2,backgroundColor=000000,noPt=true.webp"")",5f703cfc1cbf3a02236010cd.jpg
Vintage Retro 80s Curious Cute Cat on Sunset,Women's T-Shirt,www.spreadshirt.com/shop/design/-D5ce3abe12051766b0e7d1a71?sellable=1nlVvlkwJyID5YQwayNw-347-8,"=IMAGE(""https://image.spreadshirtmedia.com/image-server/v1/mp/compositions/T347A2MPA2978PT17X8Y16D1023169124FS2474/views/1,width=378,height=378,appearanceId=2,backgroundColor=000000,noPt=true.webp"")",5ce3abe12051766b0e7d1a71.jpg
Avocado Cat,Men's T-Shirt,www.spreadshirt.com/shop/design/-D5b578db5f937647b1b18b23a?sellable=rA1q57xJ87SrLrkqNkxo-210-7,"=IMAGE(""https://image.spreadshirtmedia.com/image-server/v1/mp/compositions/T210A120MPA3176PT17X61Y37D1017278784FS2187/views/1,width=378,height=378,appearanceId=2,backgroundColor=000000,noPt=true.webp"")",5b578db5f937647b1b18b23a.jpg
cat hairdresser cat styler,Women's 50/50 T-Shirt,www.spreadshirt.com/shop/design/-D601a9c5dd383641ca652367e?sellable=8yDDwBaL1OcOR84RvnLl-1196-8,"=IMAGE(""https://image.spreadshirtmedia.com/image-server/v1/mp/compositions/T1196A2MPA3058PT17X0Y18D1036648425FS3019/views/1,width=378,height=378,appearanceId=2,backgroundColor=000000,noPt=true.webp"")",601a9c5dd383641ca652367e.jpg
I Work Hard So My Cat,Women's T-Shirt,www.spreadshirt.com/shop/design/-D59f93b9daa0c6d331a840d7f?sellable=1nmOee58z9SQrQaEE0xg-347-8,"=IMAGE(""https://image.spreadshirtmedia.com/image-server/v1/mp/compositions/T347A231MPA2978PT17X44Y14D1013313815S32/views/1,width=378,height=378,appearanceId=2,backgroundColor=000000,noPt=true.webp"")",59f93b9daa0c6d331a840d7f.jpg
Cat USA Sunglasses,Women's T-Shirt,www.spreadshirt.com/shop/design/-D5edf4ef91cbf3a59434f99d0?sellable=rAvlzrGOrms0wOrnjjeN-347-8,"=IMAGE(""https://image.spreadshirtmedia.com/image-server/v1/mp/compositions/T347A228MPA2978PT17X28Y22D1030182717FS1534/views/1,width=378,height=378,appearanceId=2,backgroundColor=000000,noPt=true.webp"")",5edf4ef91cbf3a59434f99d0.jpg
maine coon,Unisex Baseball T-Shirt,www.spreadshirt.com/shop/design/-D59d8f5ebf6c60d5719e1ff85?sellable=5aqngyeqqdfxkX4mYy28-951-18,"=IMAGE(""https://image.spreadshirtmedia.com/image-server/v1/mp/compositions/T951A54MPA3076PT17X19Y12D1012925320S32/views/1,width=378,height=378,appearanceId=2,backgroundColor=000000,noPt=true.webp"")",59d8f5ebf6c60d5719e1ff85.jpg
